﻿<environment>
    <dayTime>273.446259</dayTime>
    <currentDay>133</currentDay>
    <realHourTimer>3515537</realHourTimer>
    <weather timeSinceLastRain="1889">
        <forecast>
            <instance typeName="SUN" variationIndex="4" duration="15"/>
            <instance typeName="SUN" variationIndex="2" duration="15"/>
            <instance typeName="SUN" variationIndex="1" duration="12"/>
            <instance typeName="SUN" variationIndex="5" duration="14"/>
            <instance typeName="CLOUDY" variationIndex="4" duration="14"/>
            <instance typeName="SUN" variationIndex="6" duration="5"/>
            <instance typeName="SUN" variationIndex="4" duration="14"/>
            <instance typeName="SUN" variationIndex="3" duration="9"/>
            <instance typeName="RAIN" variationIndex="1" duration="7"/>
            <instance typeName="SUN" variationIndex="4" duration="16"/>
            <instance typeName="CLOUDY" variationIndex="4" duration="16"/>
            <instance typeName="CLOUDY" variationIndex="3" duration="10"/>
            <instance typeName="CLOUDY" variationIndex="4" duration="13"/>
            <instance typeName="SUN" variationIndex="6" duration="5"/>
            <instance typeName="SUN" variationIndex="2" duration="10"/>
        </forecast>
        <fog currentMieScale="12.504281" lastMieScale="14.834197" targetMieScale="2.000000" alpha="0.181540" duration="1800000.000000" nightFactor="0.250000" dayFactor="1.000000"/>
    </weather>
</environment>
