﻿<farms>
    <farm farmId="1" name="ScheveFarm" color="1" password="Bier" loan="270000.000000" money="99114.539063" loanAnnualInterestRate="200.000000">
        <players>
            <player uniqueUserId="V1ew/x0xKE8lc4nQW5Zzbccx5Sfm6I07yuODYZabV/Y=" farmManager="true" lastNickname="Scheve120" buyVehicle="true" sellVehicle="true" buyPlaceable="true" sellPlaceable="true" manageContracts="true" tradeAnimals="true" createFields="true" landscaping="true" hireAssistant="true" resetVehicle="true" manageRights="true" transferMoney="true" updateFarm="true" manageContracting="true"/>
            <player uniqueUserId="P86ckoYIKVHBBdt4WayDNayeVGu2WfhHeZBEYXv2Fwc=" farmManager="true" lastNickname="Santiago" buyVehicle="true" sellVehicle="true" buyPlaceable="true" sellPlaceable="true" manageContracts="true" tradeAnimals="true" createFields="true" landscaping="true" hireAssistant="true" resetVehicle="true" manageRights="true" transferMoney="true" updateFarm="true" manageContracting="true"/>
            <player uniqueUserId="Tzv7HmK4cWP65mGot+cNBMVt2I+0YhoYvfMZjMq+w6E=" farmManager="true" lastNickname="Boer Henk" buyVehicle="true" sellVehicle="true" buyPlaceable="true" sellPlaceable="true" manageContracts="true" tradeAnimals="true" createFields="true" landscaping="true" hireAssistant="true" resetVehicle="true" manageRights="true" transferMoney="true" updateFarm="true" manageContracting="true"/>
            <player uniqueUserId="Ov7aeoccF5tfHaNma1SeNGsdbxYRuBzwoWj8KUKyTY4=" farmManager="false" lastNickname="Jóhann Gylfi" buyVehicle="true" sellVehicle="false" buyPlaceable="false" sellPlaceable="false" manageContracts="true" tradeAnimals="false" createFields="false" landscaping="false" hireAssistant="true" resetVehicle="true" manageRights="false" transferMoney="false" updateFarm="false" manageContracting="false"/>
            <player uniqueUserId="1qCSfKFiineXvjX5braH+foWVdrTX96INkIFAGgcA9M=" farmManager="false" lastNickname="Joco0" buyVehicle="false" sellVehicle="false" buyPlaceable="false" sellPlaceable="false" manageContracts="true" tradeAnimals="false" createFields="false" landscaping="false" hireAssistant="false" resetVehicle="false" manageRights="false" transferMoney="false" updateFarm="false" manageContracting="false"/>
            <player uniqueUserId="LS4E7G5xuDqUC5fawqu74Em4EWkjkPaAcrvEKfbdMas=" farmManager="false" lastNickname="ICE.Gummi" buyVehicle="false" sellVehicle="false" buyPlaceable="false" sellPlaceable="false" manageContracts="false" tradeAnimals="false" createFields="false" landscaping="false" hireAssistant="true" resetVehicle="false" manageRights="false" transferMoney="false" updateFarm="false" manageContracting="false"/>
            <player uniqueUserId="mnh/HPMD6MSg05K7K+74+3ASgwlnZeoICR869k3mjjY=" farmManager="true" lastNickname="raymon" buyVehicle="true" sellVehicle="true" buyPlaceable="true" sellPlaceable="true" manageContracts="true" tradeAnimals="true" createFields="true" landscaping="true" hireAssistant="true" resetVehicle="true" manageRights="true" transferMoney="true" updateFarm="true" manageContracting="true"/>
            <player uniqueUserId="TeemoSeGE2gpf0HYrxSwHEMQ8nelIe72jEt9LAPNQNQ=" farmManager="false" lastNickname="Scott R." buyVehicle="false" sellVehicle="false" buyPlaceable="false" sellPlaceable="false" manageContracts="false" tradeAnimals="false" createFields="false" landscaping="false" hireAssistant="false" resetVehicle="false" manageRights="false" transferMoney="false" updateFarm="false" manageContracting="false"/>
            <player uniqueUserId="9n7UdYZoKsxE9mHO/V/BI5b3FkX7WPwc/XBTrpCsED4=" farmManager="false" lastNickname="Graham" buyVehicle="false" sellVehicle="false" buyPlaceable="false" sellPlaceable="false" manageContracts="false" tradeAnimals="false" createFields="false" landscaping="false" hireAssistant="false" resetVehicle="false" manageRights="false" transferMoney="false" updateFarm="false" manageContracting="false"/>
            <player uniqueUserId="namL9Jb6Ce57AS3yk+riwjxpTRQWkaycqC+4bXDD95U=" farmManager="false" lastNickname="Trev" buyVehicle="false" sellVehicle="false" buyPlaceable="false" sellPlaceable="false" manageContracts="true" tradeAnimals="false" createFields="false" landscaping="false" hireAssistant="true" resetVehicle="false" manageRights="false" transferMoney="false" updateFarm="false" manageContracting="false"/>
            <player uniqueUserId="bpbKyjqWIkjygFpCAv/ikYywO7SpaMm52nZNbPxewWY=" farmManager="true" lastNickname="Kerst Bier Man" buyVehicle="true" sellVehicle="true" buyPlaceable="true" sellPlaceable="true" manageContracts="true" tradeAnimals="true" createFields="true" landscaping="true" hireAssistant="true" resetVehicle="true" manageRights="true" transferMoney="true" updateFarm="true" manageContracting="true"/>
            <player uniqueUserId="edbAvRpmnzh7h7S7TFVE+F1E4ka71QaWVEvGCu2OLBk=" farmManager="false" lastNickname="Daggerwin" buyVehicle="false" sellVehicle="false" buyPlaceable="false" sellPlaceable="false" manageContracts="false" tradeAnimals="false" createFields="false" landscaping="false" hireAssistant="false" resetVehicle="false" manageRights="false" transferMoney="false" updateFarm="false" manageContracting="false"/>
            <player uniqueUserId="i1nhZjkdB+l9uhuG14wieWrbN5F71HrKes1qdo8Dneo=" farmManager="false" lastNickname="TweakeDGenius" buyVehicle="false" sellVehicle="false" buyPlaceable="false" sellPlaceable="false" manageContracts="false" tradeAnimals="false" createFields="false" landscaping="false" hireAssistant="false" resetVehicle="false" manageRights="false" transferMoney="false" updateFarm="false" manageContracting="false"/>
            <player uniqueUserId="LYnkOvu9Dg9mDPCnpEsPqufKyRYXhgFPvP63Mim/jyc=" farmManager="false" lastNickname="kade" buyVehicle="false" sellVehicle="false" buyPlaceable="false" sellPlaceable="false" manageContracts="false" tradeAnimals="false" createFields="false" landscaping="false" hireAssistant="false" resetVehicle="false" manageRights="false" transferMoney="false" updateFarm="false" manageContracting="false"/>
        </players>
        <handTools>
            <handTool filename="data/firstperson/chainsaws/mcculloch/mccullochcs410.xml"/>
        </handTools>
        <statistics>
            <traveledDistance>4512.712402</traveledDistance>
            <fuelUsage>17866.595703</fuelUsage>
            <seedUsage>163168.640625</seedUsage>
            <sprayUsage>1302433.625000</sprayUsage>
            <workedHectares>5443.917969</workedHectares>
            <cultivatedHectares>115.154007</cultivatedHectares>
            <sownHectares>443.562836</sownHectares>
            <fertilizedHectares>4409.410645</fertilizedHectares>
            <threshedHectares>474.527832</threshedHectares>
            <plowedHectares>0.000000</plowedHectares>
            <workedTime>12682.744141</workedTime>
            <cultivatedTime>242.884583</cultivatedTime>
            <sownTime>6721.342773</sownTime>
            <fertilizedTime>5675.599121</fertilizedTime>
            <threshedTime>5118.871094</threshedTime>
            <plowedTime>0.000000</plowedTime>
            <baleCount>1442</baleCount>
            <breedCowsCount>16</breedCowsCount>
            <breedSheepCount>0</breedSheepCount>
            <breedPigsCount>0</breedPigsCount>
            <breedChickenCount>185</breedChickenCount>
            <breedHorsesCount>0</breedHorsesCount>
            <fieldJobMissionCount>18</fieldJobMissionCount>
            <fieldJobMissionByNPC>-201326592</fieldJobMissionByNPC>
            <transportMissionCount>0</transportMissionCount>
            <revenue>0.000000</revenue>
            <expenses>7386.571289</expenses>
            <playTime>17640.769531</playTime>
            <plantedTreeCount>0</plantedTreeCount>
            <cutTreeCount>0</cutTreeCount>
            <woodTonsSold>0.000000</woodTonsSold>
            <treeTypesCut>000000</treeTypesCut>
        </statistics>
        <finances>
            <stats day="0">
                <newVehiclesCost>0.000000</newVehiclesCost>
                <soldVehicles>0.000000</soldVehicles>
                <newAnimalsCost>0.000000</newAnimalsCost>
                <soldAnimals>0.000000</soldAnimals>
                <constructionCost>0.000000</constructionCost>
                <soldBuildings>0.000000</soldBuildings>
                <fieldPurchase>0.000000</fieldPurchase>
                <fieldSelling>0.000000</fieldSelling>
                <vehicleRunningCost>-0.394476</vehicleRunningCost>
                <vehicleLeasingCost>0.000000</vehicleLeasingCost>
                <animalUpkeep>0.000000</animalUpkeep>
                <propertyMaintenance>0.000000</propertyMaintenance>
                <propertyIncome>0.000000</propertyIncome>
                <soldWood>0.000000</soldWood>
                <soldBales>0.000000</soldBales>
                <soldWool>0.000000</soldWool>
                <soldMilk>18855.585938</soldMilk>
                <purchaseFuel>0.000000</purchaseFuel>
                <purchaseSeeds>0.000000</purchaseSeeds>
                <purchaseFertilizer>0.000000</purchaseFertilizer>
                <purchaseSaplings>0.000000</purchaseSaplings>
                <purchaseWater>0.000000</purchaseWater>
                <harvestIncome>0.000000</harvestIncome>
                <incomeBga>0.000000</incomeBga>
                <missionIncome>0.000000</missionIncome>
                <wagePayment>-1795.331909</wagePayment>
                <other>0.000000</other>
                <loanInterest>0.000000</loanInterest>
            </stats>
            <stats day="1">
                <newVehiclesCost>-241000.000000</newVehiclesCost>
                <soldVehicles>0.000000</soldVehicles>
                <newAnimalsCost>-20000.000000</newAnimalsCost>
                <soldAnimals>200000.000000</soldAnimals>
                <constructionCost>0.000000</constructionCost>
                <soldBuildings>0.000000</soldBuildings>
                <fieldPurchase>0.000000</fieldPurchase>
                <fieldSelling>0.000000</fieldSelling>
                <vehicleRunningCost>0.000000</vehicleRunningCost>
                <vehicleLeasingCost>0.000000</vehicleLeasingCost>
                <animalUpkeep>0.000000</animalUpkeep>
                <propertyMaintenance>-620.979980</propertyMaintenance>
                <propertyIncome>0.000000</propertyIncome>
                <soldWood>0.000000</soldWood>
                <soldBales>0.000000</soldBales>
                <soldWool>0.000000</soldWool>
                <soldMilk>0.000000</soldMilk>
                <purchaseFuel>0.000000</purchaseFuel>
                <purchaseSeeds>0.000000</purchaseSeeds>
                <purchaseFertilizer>0.000000</purchaseFertilizer>
                <purchaseSaplings>0.000000</purchaseSaplings>
                <purchaseWater>0.000000</purchaseWater>
                <harvestIncome>0.000000</harvestIncome>
                <incomeBga>0.000000</incomeBga>
                <missionIncome>0.000000</missionIncome>
                <wagePayment>-100.649185</wagePayment>
                <other>0.000000</other>
                <loanInterest>-2303.000000</loanInterest>
            </stats>
            <stats day="2">
                <newVehiclesCost>0.000000</newVehiclesCost>
                <soldVehicles>0.000000</soldVehicles>
                <newAnimalsCost>0.000000</newAnimalsCost>
                <soldAnimals>0.000000</soldAnimals>
                <constructionCost>0.000000</constructionCost>
                <soldBuildings>0.000000</soldBuildings>
                <fieldPurchase>0.000000</fieldPurchase>
                <fieldSelling>0.000000</fieldSelling>
                <vehicleRunningCost>-1484.106079</vehicleRunningCost>
                <vehicleLeasingCost>0.000000</vehicleLeasingCost>
                <animalUpkeep>0.000000</animalUpkeep>
                <propertyMaintenance>-621.659973</propertyMaintenance>
                <propertyIncome>0.000000</propertyIncome>
                <soldWood>0.000000</soldWood>
                <soldBales>0.000000</soldBales>
                <soldWool>0.000000</soldWool>
                <soldMilk>34212.136719</soldMilk>
                <purchaseFuel>-12.756594</purchaseFuel>
                <purchaseSeeds>0.000000</purchaseSeeds>
                <purchaseFertilizer>-17920.000000</purchaseFertilizer>
                <purchaseSaplings>0.000000</purchaseSaplings>
                <purchaseWater>0.000000</purchaseWater>
                <harvestIncome>0.000000</harvestIncome>
                <incomeBga>0.000000</incomeBga>
                <missionIncome>0.000000</missionIncome>
                <wagePayment>-6365.621094</wagePayment>
                <other>-6445.809570</other>
                <loanInterest>-2303.000000</loanInterest>
            </stats>
            <stats day="3">
                <newVehiclesCost>0.000000</newVehiclesCost>
                <soldVehicles>0.000000</soldVehicles>
                <newAnimalsCost>0.000000</newAnimalsCost>
                <soldAnimals>0.000000</soldAnimals>
                <constructionCost>0.000000</constructionCost>
                <soldBuildings>0.000000</soldBuildings>
                <fieldPurchase>0.000000</fieldPurchase>
                <fieldSelling>0.000000</fieldSelling>
                <vehicleRunningCost>0.000000</vehicleRunningCost>
                <vehicleLeasingCost>0.000000</vehicleLeasingCost>
                <animalUpkeep>0.000000</animalUpkeep>
                <propertyMaintenance>-622.340027</propertyMaintenance>
                <propertyIncome>0.000000</propertyIncome>
                <soldWood>0.000000</soldWood>
                <soldBales>0.000000</soldBales>
                <soldWool>0.000000</soldWool>
                <soldMilk>0.000000</soldMilk>
                <purchaseFuel>-31.376177</purchaseFuel>
                <purchaseSeeds>0.000000</purchaseSeeds>
                <purchaseFertilizer>0.000000</purchaseFertilizer>
                <purchaseSaplings>0.000000</purchaseSaplings>
                <purchaseWater>0.000000</purchaseWater>
                <harvestIncome>217230.156250</harvestIncome>
                <incomeBga>0.000000</incomeBga>
                <missionIncome>0.000000</missionIncome>
                <wagePayment>-3074.773193</wagePayment>
                <other>0.000000</other>
                <loanInterest>-1516.000000</loanInterest>
            </stats>
            <stats day="4">
                <newVehiclesCost>0.000000</newVehiclesCost>
                <soldVehicles>0.000000</soldVehicles>
                <newAnimalsCost>0.000000</newAnimalsCost>
                <soldAnimals>0.000000</soldAnimals>
                <constructionCost>0.000000</constructionCost>
                <soldBuildings>0.000000</soldBuildings>
                <fieldPurchase>0.000000</fieldPurchase>
                <fieldSelling>0.000000</fieldSelling>
                <vehicleRunningCost>-5015.648438</vehicleRunningCost>
                <vehicleLeasingCost>0.000000</vehicleLeasingCost>
                <animalUpkeep>0.000000</animalUpkeep>
                <propertyMaintenance>-623.020020</propertyMaintenance>
                <propertyIncome>0.000000</propertyIncome>
                <soldWood>0.000000</soldWood>
                <soldBales>0.000000</soldBales>
                <soldWool>0.000000</soldWool>
                <soldMilk>0.000000</soldMilk>
                <purchaseFuel>-1387.731323</purchaseFuel>
                <purchaseSeeds>0.000000</purchaseSeeds>
                <purchaseFertilizer>-6400.000000</purchaseFertilizer>
                <purchaseSaplings>0.000000</purchaseSaplings>
                <purchaseWater>0.000000</purchaseWater>
                <harvestIncome>3875.827637</harvestIncome>
                <incomeBga>0.000000</incomeBga>
                <missionIncome>0.000000</missionIncome>
                <wagePayment>-3828.871826</wagePayment>
                <other>0.000000</other>
                <loanInterest>-1516.000000</loanInterest>
            </stats>
        </finances>
    </farm>
</farms>
