<?xml version="1.0" encoding="iso-8859-1"?>

<foliageCropsUpdater currentGrowthIndex="15632">
  <cropsState index="0" normalizedGrowthTimer="0.831987"/>
  <cropsState index="1" normalizedGrowthTimer="0.215979"/>
  <cropsState index="2" normalizedGrowthTimer="0.831987"/>
  <cropsState index="3" normalizedGrowthTimer="0.831987"/>
  <cropsState index="4" normalizedGrowthTimer="0.831987"/>
  <cropsState index="6" normalizedGrowthTimer="0.831987"/>
  <cropsState index="7" normalizedGrowthTimer="0.831987"/>
  <cropsState index="8" normalizedGrowthTimer="0.831987"/>
  <cropsState index="9" normalizedGrowthTimer="0.831987"/>
  <cropsState index="10" normalizedGrowthTimer="0.215979"/>
  <cropsState index="11" normalizedGrowthTimer="0.607353"/>
  <cropsState index="13" normalizedGrowthTimer="0.831987"/>
  <cropsState index="14" normalizedGrowthTimer="0.904546"/>
  <cropsState index="15" normalizedGrowthTimer="0.831987"/>
  <growthMasks numCells="16384"><![CDATA[XQAABAAAf+/7v/6jsV7l+D+yqiZV+GhwQXAVD439HkwbikK3GfRpGHGuZiOKik0vow3Zf6bjjCMRU+BZGMV1iuJ3+LaUfwxqwN50SWRcnjrRAA==]]></growthMasks>
</foliageCropsUpdater>
