﻿<missions>
    <mission type="mow_bale" reward="5271" status="0" success="false">
        <field id="3" sprayFactor="0.000000" spraySet="false" plowFactor="1.000000" state="2" vehicleGroup="2" vehicleUseCost="415.350006" spawnedVehicles="false" growthState="4" limeFactor="1.000000" weedFactor="1.000000" fruitTypeName="GRASS"/>
        <bale sellPoint="80" fillTypeName="DRYGRASS_WINDROW" depositedLiters="0.000000"/>
    </mission>
    <mission type="mow_bale" reward="5747" status="0" success="false">
        <field id="30" sprayFactor="0.000000" spraySet="false" plowFactor="1.000000" state="2" vehicleGroup="1" vehicleUseCost="411.683990" spawnedVehicles="false" growthState="4" limeFactor="1.000000" weedFactor="1.000000" fruitTypeName="GRASS"/>
        <bale sellPoint="80" fillTypeName="SILAGE" depositedLiters="0.000000"/>
    </mission>
    <mission type="transport" reward="1569" status="0" success="false" timeLeft="61790629" config="WATER" pickupTrigger="TRANSPORT09" dropoffTrigger="TRANSPORT06" objectFilename="data/objects/pallets/missions/transportPalletBottles.i3d" numObjects="2"/>
    <mission type="harvest" reward="6195" status="0" success="false">
        <field id="7" sprayFactor="0.000000" spraySet="false" plowFactor="0.000000" state="2" vehicleGroup="2" vehicleUseCost="976.228516" growthState="5" limeFactor="1.000000" weedFactor="1.000000" fruitTypeName="SOYBEAN"/>
        <harvest sellPoint="118" expectedLiters="22809.953125" depositedLiters="0.000000"/>
    </mission>
    <mission type="transport" reward="1443" status="0" success="false" timeLeft="69549656" config="WATER" pickupTrigger="TRANSPORT07" dropoffTrigger="TRANSPORT01" objectFilename="data/objects/pallets/missions/transportPalletBottles.i3d" numObjects="3"/>
    <mission type="fertilize" reward="4691" status="0" success="false">
        <field id="8" sprayFactor="0.000000" spraySet="false" plowFactor="1.000000" state="2" vehicleGroup="1" vehicleUseCost="670.247498" growthState="1" limeFactor="0.000000" weedFactor="1.000000" fruitTypeName="WHEAT"/>
    </mission>
    <mission type="fertilize" reward="8666" status="0" success="false">
        <field id="16" sprayFactor="0.000000" spraySet="false" plowFactor="1.000000" state="2" vehicleGroup="3" vehicleUseCost="1238.093994" growthState="1" limeFactor="1.000000" weedFactor="1.000000" fruitTypeName="POTATO"/>
    </mission>
    <mission type="fertilize" reward="5448" status="0" success="false">
        <field id="17" sprayFactor="0.000000" spraySet="false" plowFactor="0.000000" state="2" vehicleGroup="2" vehicleUseCost="778.414001" growthState="1" limeFactor="0.000000" weedFactor="1.000000" fruitTypeName="SOYBEAN"/>
    </mission>
    <mission type="fertilize" reward="10228" status="0" success="false">
        <field id="12" sprayFactor="0.000000" spraySet="false" plowFactor="0.000000" state="2" vehicleGroup="5" vehicleUseCost="1461.173950" growthState="1" limeFactor="1.000000" weedFactor="1.000000" fruitTypeName="OAT"/>
    </mission>
    <mission type="fertilize" reward="1738" status="0" success="false">
        <field id="5" sprayFactor="0.000000" spraySet="false" plowFactor="0.000000" state="2" vehicleGroup="2" vehicleUseCost="248.300003" growthState="1" limeFactor="0.000000" weedFactor="1.000000" fruitTypeName="SOYBEAN"/>
    </mission>
    <mission type="fertilize" reward="3961" status="0" success="false">
        <field id="2" sprayFactor="0.000000" spraySet="false" plowFactor="0.000000" state="2" vehicleGroup="2" vehicleUseCost="565.870483" growthState="1" limeFactor="1.000000" weedFactor="1.000000" fruitTypeName="POTATO"/>
    </mission>
    <mission type="fertilize" reward="7105" status="0" success="false">
        <field id="14" sprayFactor="0.000000" spraySet="false" plowFactor="1.000000" state="2" vehicleGroup="3" vehicleUseCost="1015.013977" growthState="1" limeFactor="1.000000" weedFactor="1.000000" fruitTypeName="POTATO"/>
    </mission>
    <mission type="fertilize" reward="2229" status="0" success="false">
        <field id="33" sprayFactor="0.000000" spraySet="false" plowFactor="0.000000" state="2" vehicleGroup="1" vehicleUseCost="318.473999" growthState="1" limeFactor="1.000000" weedFactor="1.000000" fruitTypeName="SUNFLOWER"/>
    </mission>
    <mission type="fertilize" reward="2121" status="0" success="false">
        <field id="26" sprayFactor="0.000000" spraySet="false" plowFactor="1.000000" state="2" vehicleGroup="3" vehicleUseCost="303.029999" growthState="1" limeFactor="1.000000" weedFactor="1.000000" fruitTypeName="SOYBEAN"/>
    </mission>
    <mission type="fertilize" reward="3157" status="0" success="false">
        <field id="27" sprayFactor="0.000000" spraySet="false" plowFactor="1.000000" state="2" vehicleGroup="3" vehicleUseCost="451.054504" growthState="1" limeFactor="1.000000" weedFactor="1.000000" fruitTypeName="SOYBEAN"/>
    </mission>
    <mission type="fertilize" reward="7442" status="0" success="false">
        <field id="13" sprayFactor="0.000000" spraySet="false" plowFactor="1.000000" state="2" vehicleGroup="4" vehicleUseCost="1063.218018" growthState="1" limeFactor="0.000000" weedFactor="1.000000" fruitTypeName="MAIZE"/>
    </mission>
    <mission type="fertilize" reward="9508" status="0" success="false">
        <field id="6" sprayFactor="0.000000" spraySet="false" plowFactor="1.000000" state="2" vehicleGroup="5" vehicleUseCost="1358.428467" growthState="1" limeFactor="1.000000" weedFactor="1.000000" fruitTypeName="SUNFLOWER"/>
    </mission>
    <mission type="fertilize" reward="6940" status="0" success="false">
        <field id="22" sprayFactor="0.000000" spraySet="false" plowFactor="0.000000" state="2" vehicleGroup="1" vehicleUseCost="991.516479" growthState="1" limeFactor="1.000000" weedFactor="1.000000" fruitTypeName="SUGARBEET"/>
    </mission>
    <mission type="fertilize" reward="5500" status="0" success="false">
        <field id="9" sprayFactor="0.000000" spraySet="false" plowFactor="1.000000" state="2" vehicleGroup="4" vehicleUseCost="785.849976" growthState="1" limeFactor="1.000000" weedFactor="1.000000" fruitTypeName="SUNFLOWER"/>
    </mission>
    <mission type="fertilize" reward="4268" status="0" success="false">
        <field id="1" sprayFactor="0.000000" spraySet="false" plowFactor="1.000000" state="2" vehicleGroup="2" vehicleUseCost="609.752014" growthState="1" limeFactor="1.000000" weedFactor="1.000000" fruitTypeName="CANOLA"/>
    </mission>
    <mission type="fertilize" reward="9494" status="0" success="false">
        <field id="10" sprayFactor="0.000000" spraySet="false" plowFactor="0.000000" state="2" vehicleGroup="2" vehicleUseCost="1356.302979" growthState="1" limeFactor="0.000000" weedFactor="1.000000" fruitTypeName="CANOLA"/>
    </mission>
    <mission type="fertilize" reward="880" status="0" success="false">
        <field id="29" sprayFactor="0.000000" spraySet="false" plowFactor="0.000000" state="2" vehicleGroup="2" vehicleUseCost="125.839996" growthState="1" limeFactor="1.000000" weedFactor="1.000000" fruitTypeName="OAT"/>
    </mission>
    <mission type="fertilize" reward="1888" status="0" success="false">
        <field id="32" sprayFactor="0.000000" spraySet="false" plowFactor="1.000000" state="2" vehicleGroup="1" vehicleUseCost="269.854004" growthState="1" limeFactor="1.000000" weedFactor="1.000000" fruitTypeName="COTTON"/>
    </mission>
    <mission type="fertilize" reward="2881" status="0" success="false">
        <field id="31" sprayFactor="0.000000" spraySet="false" plowFactor="0.000000" state="2" vehicleGroup="2" vehicleUseCost="411.683990" growthState="1" limeFactor="1.000000" weedFactor="1.000000" fruitTypeName="COTTON"/>
    </mission>
    <mission type="fertilize" reward="2427" status="0" success="false">
        <field id="24" sprayFactor="0.000000" spraySet="false" plowFactor="0.000000" state="2" vehicleGroup="2" vehicleUseCost="346.839996" growthState="1" limeFactor="1.000000" weedFactor="1.000000" fruitTypeName="MAIZE"/>
    </mission>
    <mission type="fertilize" reward="4086" status="0" success="false">
        <field id="23" sprayFactor="0.000000" spraySet="false" plowFactor="0.000000" state="2" vehicleGroup="4" vehicleUseCost="583.804016" growthState="1" limeFactor="1.000000" weedFactor="1.000000" fruitTypeName="SUNFLOWER"/>
    </mission>
</missions>
