﻿<npcs>
    <npc name="NPC_01" finishedMissions="0"/>
    <npc name="NPC_02" finishedMissions="0"/>
    <npc name="NPC_03" finishedMissions="0"/>
    <npc name="NPC_04" finishedMissions="0"/>
    <npc name="NPC_05" finishedMissions="0"/>
    <npc name="NPC_06" finishedMissions="0"/>
    <npc name="NPC_07" finishedMissions="0"/>
    <npc name="NPC_08" finishedMissions="0"/>
    <npc name="NPC_09" finishedMissions="0"/>
    <npc name="NPC_10" finishedMissions="0"/>
    <npc name="NPC_11" finishedMissions="0"/>
    <npc name="NPC_12" finishedMissions="0"/>
    <npc name="NPC_13" finishedMissions="0"/>
    <npc name="NPC_14" finishedMissions="0"/>
    <npc name="NPC_15" finishedMissions="0"/>
    <npc name="NPC_16" finishedMissions="0"/>
    <npc name="NPC_17" finishedMissions="0"/>
    <npc name="NPC_18" finishedMissions="0"/>
    <npc name="NPC_19" finishedMissions="0"/>
    <npc name="NPC_DE_01" finishedMissions="0"/>
    <npc name="NPC_DE_02" finishedMissions="0"/>
    <npc name="NPC_DE_03" finishedMissions="0"/>
    <npc name="NPC_DE_04" finishedMissions="0"/>
    <npc name="NPC_DE_05" finishedMissions="0"/>
    <npc name="NPC_DE_06" finishedMissions="0"/>
    <npc name="NPC_DE_07" finishedMissions="4"/>
    <npc name="NPC_DE_08" finishedMissions="0"/>
    <npc name="NPC_DE_09" finishedMissions="1"/>
    <npc name="NPC_DE_10" finishedMissions="3"/>
    <npc name="NPC_DE_11" finishedMissions="1"/>
    <npc name="NPC_DE_12" finishedMissions="2"/>
    <npc name="NPC_DE_13" finishedMissions="0"/>
    <npc name="NPC_DE_14" finishedMissions="5"/>
    <npc name="NPC_DE_15" finishedMissions="0"/>
    <npc name="NPC_DE_16" finishedMissions="1"/>
    <npc name="NPC_DE_17" finishedMissions="0"/>
    <npc name="NPC_DE_18" finishedMissions="1"/>
    <npc name="NPC_DE_19" finishedMissions="0"/>
    <npc name="NPC_DE_20" finishedMissions="0"/>
</npcs>
